ID,predicted RFS
TRG002728,58.08898483511547
TRG002649,53.061217007782375
TRG002628,49.644883515308706
